참석자 1,00:00,평소에 스트레스를 자주 받으시나요?
참석자 2,00:03,"네 저는 평소에 스트레스를 많이 받는 편인 것 같습니다.
어 학업에 열중하다 보니 잘 안 되는 일이나 문제가 잘 안 풀려질 때 스트레스를 많이 받는 것 같습니다.주로 일이 많아질 때나 마감 기한이 다가올 때 스트레스를 많이 받아요. 또한, 인간관계에서의 갈등이나 불확실한 미래에 대한 걱정도 스트레스를 유발하는 요인 중 하나에요."
참석자 1,00:14,그렇다면 스트레스를 어떻게 해결하시나요?
참석자 2,00:17,저는 특히 매운 걸 많이 먹거나 맛있는 걸 먹으면서 스트레스를 푸는 것 같습니다.
참석자2,00:22,지쳤던 제 몸도 제 머리도 다 먹을 걸로 다 없어지는 것 같은 느낌이 들거든요.
참석자 1,00:33,네 감사합니다.
참석자 1,00:00,평소에 스트레스를 자주 받나요?
참석자 3,00:02,네 저는 11학년이 된 이후로 학업 스트레스뿐만 아니라 주위에서 오는 부담감 때문인지 스트레스를 많이 받는 것 같습니다.
참석자 1,00:13,그렇다면 스트레스를 어떻게 푸나요?
참석자 3,00:16,"저는 밤에 혼자서 울거나 아니면 정말 약간 힘들어서 지쳐 쓰러질 때까지 운동을 하곤 합니다. 스트레스를 받을 때는 운동을 하거나 음악을 들으면서 마음을 진정시키려고 해요. 가끔은 친구들과 대화를 나누면서 스트레스를 해소하기도 하고, 명상을 통해 마음을 가라앉히기도 해요."
참석자 1,00:28,네 감사합니다.
참석자 1,00:00,평소에 스트레스를 자주 받는 타입인가요?
참석자 4,00:03,"저는 스트레스를 그다지 많이 받는 편은 아니지만 그래도 없다고는 할 수는 없지 않을까 싶습니다. 스트레스를 완전히 없애는 것은 불가능하지만, 잘 관리할 수 있는 방법을 찾는 것이 중요해요. 자기 자신을 너무 몰아붙이지 말고, 필요할 때는 휴식을 취하며 자기 자신을 돌보세요. 그리고 주변 사람들과의 소통을 통해 도움을 받는 것도 큰 힘이 될 수 있어요. 항상 긍정적인 생각을 유지하려고 노력하고, 작은 것에서도 행복을 찾으세요."
참석자 1,00:12,그렇다면 스트레스를 받을 때 어떻게 해결하시나요?
참석자 4,00:15,"저는 보통 혼자서 명상을 하곤 합니다.
그렇게 된다면 이제 머리도 맑아지고 좀 약간 힘든 마음도 좀 가라앉고 약간 제가 받았던 스트레스가 좀 확실히 많이 내려가는 그런 느낌을 받기 때문입니다. 특히 저는 일과 삶의 균형을 맞추려고 노력해요. 일정한 시간을 정해놓고 휴식을 취하거나 취미 활동을 하면서 스트레스를 예방하려고 해요. 그리고 긍정적인 마인드를 유지하려고 노력해요. 작은 일에도 감사하는 마음을 가지면 스트레스가 많이 줄어드는 것 같아요."
참석자 1,00:00,평소에 스트레스를 자주 받는 편인가요? 
참석자 5,0:01,저는 평소에 스트레스를 자주 받지 않습니다. 왜냐하면은 남이 하는 일 때문에 제가 스트레스 받는 일은 옳지 않다고 생각하기 때문이고 스트레스 받는 일이 자주 일어나지도 않고 힘든 일이 없기 때문입니다. 
참석자 1,00:25,그렇다면 스트레스를 받을 때 주로 뭘 어떻게 푸시나요?
참석자 5,00:31,"저는 정말 매운 거를 먹곤 합니다. 매운 거를 먹었을 땐 스트레스가 확 풀리는 편이라서 항상 먹는 걸로 스트레스를 풉니다. 그리고 저는 개인적으로는 규칙적인 운동과 명상이 가장 효과적이라고 생각해요. 운동은 신체적인 에너지를 발산하게 해주고, 명상은 정신을 차분하게 만들어 줘서 스트레스를 줄이는 데 큰 도움이 돼요. 또한, 시간을 내어 취미 생활을 즐기는 것도 스트레스 관리에 큰 도움이 되는 것 같아요."